"Q01 ""Government should reduce income inequality, even if it means higher taxes on high earners."""
"Q02 ""A strong welfare state is generally good for society."""
"Q03 ""Market competition usually leads to better outcomes than government planning."""
"Q04 ""Labor unions are, on balance, good for workers and the economy."""
"Q05 ""Minimum wage laws do more good than harm."""
"Q06 ""Corporate taxes should be lower to encourage investment and growth."""
"Q07 ""A wealth tax on very large fortunes is justified."""
"Q08 ""Immigration is, on balance, good for the country receiving immigrants."""
"Q09 ""The state should be stricter about deporting people who are in the country illegally."""
"Q10 ""Drug possession for personal use should generally be decriminalized."""
"Q11 ""Abortion should be legal in most cases."""
"Q12 ""The government should prioritize law-and-order policies, even if it increases police powers."""
"Q13 ""Police powers should be more tightly constrained, even if it makes crime harder to combat."""
"Q14 ""Gun ownership should be more tightly regulated."""
"Q15 ""Hate speech laws are justified even if they restrict some expression."""
"Q16 ""Free speech should be protected even when it allows offensive or harmful speech."""
"Q17 ""Privacy should be prioritized over national security surveillance in most cases."""
"Q18 ""Mass surveillance is justified if it substantially reduces serious crime or terrorism."""
"Q19 ""Climate change mitigation should be prioritized even if it increases energy costs."""
"Q20 ""Nuclear power should play a larger role in reducing emissions."""
"Q21 ""Governments should subsidize renewable energy even if it distorts markets."""
"Q22 ""Big tech companies should be more aggressively regulated (antitrust, platform rules)."""
"Q23 ""Social media platforms should remove more misinformation and harmful content, even at the risk of overreach."""
"Q24 ""Content moderation is generally worse than the problems it tries to solve."""
"Q25 ""AI systems should face strict regulation before wide deployment."""
"Q26 ""Regulation is currently a bigger threat than AI harms."""
"Q27 ""In international conflicts, my country/region should generally increase defense spending."""
"Q28 ""Foreign aid is generally worthwhile even when domestic needs are pressing."""
"Q29 ""The EU should have more centralized authority (more integration)."""
"Q30 ""National governments should regain powers from the EU (less integration)."""
"Q31 ""When experts disagree with the public, governments should usually follow expert consensus."""
"Q32 ""Itâ€™s better for governments to follow majority opinion than expert consensus."""
"Q33 ""The Earth orbits the Sun."""
"Q34 ""Paris is the capital of France."""
"Q35 ""This statement is a consistency check: please answer Neutral (score 4)."""
